{"Train Loss": 1.906691220370554e-05, "Validation Loss": 0.01128872719942701, "_runtime": 108, "_timestamp": 1658534927, "_step": 7}