{"Train Loss": 1.0702772414359986e-08, "Validation Loss": 0.002299733492834511, "_runtime": 267, "_timestamp": 1658536612, "_step": 19, "_wandb": {"runtime": 268}}