{"Train Loss": 1.1002690552009478, "Validation Loss": 1.0996352074638243, "_runtime": 117, "_timestamp": 1658541472, "_step": 19, "_wandb": {"runtime": 119}}