{"Train Loss": 1.102524737280513, "Validation Loss": 1.1156665652044233, "_runtime": 188, "_timestamp": 1658537986, "_step": 19, "_wandb": {"runtime": 189}}