{"Train Loss": 0.09603553064572071, "Validation Loss": 0.08907398849166917, "_runtime": 338, "_timestamp": 1658544243, "_step": 49, "_wandb": {"runtime": 340}}