{"Train Loss": 0.647777474359683, "Validation Loss": 0.6355753007773606, "_runtime": 139, "_timestamp": 1658607141, "_step": 19, "_wandb": {"runtime": 140}}