{"Train Loss": 1.9158595436739313e-08, "Validation Loss": 0.03125363376617055, "_runtime": 267, "_timestamp": 1658536202, "_step": 19, "_wandb": {"runtime": 268}}