{"Train Loss": 0.003156838946488378, "Validation Loss": 0.004643337970851289, "_runtime": 138, "_timestamp": 1658607924, "_step": 19, "_wandb": {"runtime": 139}}