{"Train Loss": 0.023805660265189172, "Validation Loss": 0.02048368336882734, "_runtime": 138, "_timestamp": 1658609066, "_step": 19, "_wandb": {"runtime": 139}}