{"Train Loss": 0.001019706323247958, "Train Accuracy": 1.0, "Validation Loss": 0.0013446328673752579, "Valication Accuracy": 1.0, "_runtime": 243, "_timestamp": 1658615254, "_step": 29, "_wandb": {"runtime": 244}}