{"Train Loss": 0.00389491875107593, "Validation Loss": 0.0026089633184362576, "_runtime": 137, "_timestamp": 1658607398, "_step": 19, "_wandb": {"runtime": 139}}