{"Train Loss": 0.0037324779038854236, "Validation Loss": 0.004909795375773571, "_runtime": 138, "_timestamp": 1658607589, "_step": 19, "_wandb": {"runtime": 139}}