{"Train Loss": 0.004400419743318834, "Validation Loss": 0.0036672220592852763, "_runtime": 138, "_timestamp": 1658543757, "_step": 19, "_wandb": {"runtime": 139}}