{"Train Loss": 1.0989024014700024, "Validation Loss": 1.0985122472047804, "_runtime": 117, "_timestamp": 1658541119, "_step": 19, "_wandb": {"runtime": 119}}