{"Train Loss": 1.0660425352350182, "Validation Loss": 1.1022434236947447, "_runtime": 184, "_timestamp": 1658537121, "_step": 19, "_wandb": {"runtime": 185}}