{"Train Loss": 6.7826725804954155e-06, "Validation Loss": 0.0017504488405605798, "_runtime": 267, "_timestamp": 1658535859, "_step": 19, "_wandb": {"runtime": 268}}