{"Train Loss": 0.0017602008727483662, "Validation Loss": 0.004229764273002066, "_runtime": 163, "_timestamp": 1658611477, "_step": 19, "_wandb": {"runtime": 164}}