{"Train Loss": 0.0035706075762085322, "Validation Loss": 0.003613906171119372, "_runtime": 159, "_timestamp": 1658611255, "_step": 19, "_wandb": {"runtime": 160}}